condition,n_total,n_with_exit,mean_dir_deg,mean_vector_R,rayleigh_p,mean_speed_cms,mean_path_len_cm,mean_straightness,pct_in_inner_mean,pct_in_outer_mean,pct_outside_mean
LR_high_P,17,16,319.44,0.3838,0.093452,11.416,6920.02,0.0359,33.65,19.37,46.98
LR_low_P,30,30,12.59,0.577,2e-05,12.776,4379.1,0.0257,37.53,14.09,48.38
TB_high_P,22,22,298.11,0.3633,0.053112,12.654,7887.45,0.0183,42.87,20.27,36.86
TB_low_P,31,31,10.83,0.5361,7.5e-05,11.936,3872.75,0.0223,42.0,13.58,44.41
unknown_high_P,4,4,239.21,0.2628,0.78157,10.699,14135.39,0.0063,32.44,22.41,45.15
unknown_low_P,1,1,,,,12.429,3472.26,0.003,84.15,14.71,1.14
